<?xml version="1.0"?>
<!--<!DOCTYPE metadata SYSTEM "http://www.esri.com/metadata/esriprof80.dtd">-->
<metadata xml:lang="en"><Esri><CreaDate>20100128</CreaDate><CreaTime>15140700</CreaTime><SyncOnce>TRUE</SyncOnce><MetaID>{82BF2699-7C97-4833-985C-7B06C6D231F4}</MetaID></Esri><idinfo><citation><citeinfo><onlink Sync="TRUE"></onlink></citeinfo></citation></idinfo><distInfo><distributor><distorTran><onLineSrc><linkage Sync="TRUE">file://</linkage><protocol Sync="TRUE">Local Area Network</protocol></onLineSrc></distorTran></distributor></distInfo><dataqual><lineage><procstep><procdesc Sync="TRUE">Dataset copied.</procdesc><srcused Sync="TRUE">C:\_Projects\_NetworkPlanner\_CaseStudies\2_National\Kenya\Kenya_Nodes_NOV09</srcused><procdate Sync="TRUE">20091203</procdate><proctime Sync="TRUE">14101900</proctime></procstep><procstep><procdesc Sync="TRUE">Dataset copied.</procdesc><srcused Sync="TRUE"></srcused><procdate Sync="TRUE">20100128</procdate><proctime Sync="TRUE">15140700</proctime></procstep></lineage></dataqual></metadata>
