<?xml version="1.0"?>
<!--<!DOCTYPE metadata SYSTEM "http://www.esri.com/metadata/esriprof80.dtd">-->
<metadata xml:lang="en"><Esri><CreaDate>20091203</CreaDate><CreaTime>14065200</CreaTime><SyncOnce>FALSE</SyncOnce><DataProperties><lineage><Process Name="Merge_2" ToolSource="C:\Program Files\ArcGIS\ArcToolbox\Toolboxes\Data Management Tools.tbx\Merge" Date="20070220" Time="171014">Merge real;grid_split_s2 G:\senegal\gis\data\feb5\real_Merge.shp "ELEC ELEC true false false 8 Text 0 0 ,First,#,real,ELEC,-1,-1;NAME NAME true false false 50 Text 0 0 ,First,#,real,NAME,-1,-1;POP POP true false false 12 Double 0 12 ,First,#,real,POP,-1,-1;MVMAX MVMAX true false false 15 Double 2 14 ,First,#,real,MVMAX,-1,-1;NODE_ID NODE_ID true false false 12 Double 0 12 ,First,#,real,NODE_ID,-1,-1;ROADS ROADS true false false 1 Short 0 1 ,First,#,real,ROADS,-1,-1;DEMAND DEMAND true false false 6 Long 0 6 ,First,#,real,DEMAND,-1,-1;REGION REGION true false false 6 Long 0 6 ,First,#,real,REGION,-1,-1;RegionName RegionName true false false 20 Text 0 0 ,First,#,real,RegionName,-1,-1;PSCHOOL PSCHOOL true false false 1 Short 0 1 ,First,#,real,PSCHOOL,-1,-1;HEALTH HEALTH true false false 4 Short 0 4 ,First,#,real,HEALTH,-1,-1;WATER WATER true false false 1 Short 0 1 ,First,#,real,WATER,-1,-1;MARKETS MARKETS true false false 1 Short 0 1 ,First,#,real,MARKETS,-1,-1;ROADS_DPS ROADS_DPS true false false 1 Short 0 1 ,First,#,real,ROADS_DPS,-1,-1;ELEC_NUM ELEC_NUM true false false 3 Short 0 3 ,First,#,real,ELEC_NUM,-1,-1;DPS_FID DPS_FID true false false 8 Long 0 8 ,First,#,real,DPS_FID,-1,-1;FNODE_ FNODE_ true false false 9 Long 0 9 ,First,#,grid_split_s2,FNODE_,-1,-1;TNODE_ TNODE_ true false false 9 Long 0 9 ,First,#,grid_split_s2,TNODE_,-1,-1;LPOLY_ LPOLY_ true false false 9 Long 0 9 ,First,#,grid_split_s2,LPOLY_,-1,-1;RPOLY_ RPOLY_ true false false 9 Long 0 9 ,First,#,grid_split_s2,RPOLY_,-1,-1;LENGTH LENGTH true false false 19 Double 11 18 ,First,#,grid_split_s2,LENGTH,-1,-1;GRID_SPLIT GRID_SPLIT true false false 9 Long 0 9 ,First,#,grid_split_s2,GRID_SPLIT,-1,-1;GRID_SPL_1 GRID_SPL_1 true false false 9 Long 0 9 ,First,#,grid_split_s2,GRID_SPL_1,-1,-1;NEAR_FID NEAR_FID true false false 9 Long 0 9 ,First,#,grid_split_s2,NEAR_FID,-1,-1;NEAR_DIST NEAR_DIST true false false 19 Double 11 18 ,First,#,grid_split_s2,NEAR_DIST,-1,-1"</Process><Process ToolSource="C:\Program Files\ArcGIS\ArcToolbox\Toolboxes\Data Management Tools.tbx\DeleteField" Date="20091111" Time="152500">DeleteField Leona_Villages ROADS;DEMAND;REGION;REGIONNAME;PSCHOOL;HEALTH;WATER;MARKETS;ROADS_DPS;ELEC_NUM;DPS_FID;SOURCE;ELEC_JAVA;INDEX;Pop_Index Leona_Villages</Process></lineage></DataProperties><SyncDate>20070608</SyncDate><SyncTime>13580100</SyncTime><ModDate>20070608</ModDate><ModTime>13580100</ModTime><MetaID>{063F670D-38DA-4FFB-AB09-7BEB051A1F5C}</MetaID></Esri><idinfo><citation><citeinfo><onlink Sync="TRUE">\\JATROPHA\C$\Test\SAMPLES\SENEGAL_MVP\Leona_Villages</onlink><origin>ASER and Columbia Earth Institute</origin><pubdate>February 2007</pubdate><title Sync="TRUE">Senegal_villages_complete</title><ftname Sync="TRUE">Senegal_villages_complete</ftname><geoform Sync="TRUE">vector digital data</geoform></citeinfo></citation><native Sync="TRUE">Microsoft Windows XP Version 5.1 (Build 2600) Service Pack 2; ESRI ArcCatalog 9.1.0.722</native><descript><langdata Sync="TRUE">en</langdata><abstract>This file contains data on villages in Senegal, their population (esitmated as of 2005), and their electrification status (based on ASER and SENELEC data). Population data are based on a 2002 Census projected forward in time. It is a more complete version of Senegal_villages as it contains information from the Department of Statistics (DPS) on access to services (schools, health centers, water, markets, and roads). The DPS dataset was produced in 2000 and contains information on 13,434 villages. See DPS raw data and accompanying metadata (as a Word Document) for more information.
</abstract><purpose>This dataset was developed as part of a study on the cost of rural electrification in Senegal sponsored by the World Bank and carried out by ASER and the Columbia Earth Institute.</purpose></descript><timeperd><current>Last updated February 2007.</current><timeinfo><sngdate><caldate>Last updated February 2007.</caldate></sngdate></timeinfo></timeperd><status><progress>Complete</progress><update>None planned</update></status><spdom><bounding><westbc Sync="TRUE">-17.466326</westbc><eastbc Sync="TRUE">-11.302860</eastbc><northbc Sync="TRUE">16.662520</northbc><southbc Sync="TRUE">12.331275</southbc></bounding><lboundng><leftbc Sync="TRUE">236922.525630</leftbc><rightbc Sync="TRUE">894530.979570</rightbc><bottombc Sync="TRUE">1365855.000000</bottombc><topbc Sync="TRUE">1842221.875638</topbc></lboundng></spdom><keywords><theme><themekey>Village names, population, electrification status, access to services for Senegal</themekey></theme></keywords><accconst>Permission must be obtained from Ousmane Fall Sarr of ASER.</accconst><useconst>Permission must be obtained from Ousmane Fall Sarr of ASER.</useconst><natvform Sync="TRUE">Shapefile</natvform><ptcontac><cntinfo><cntperp><cntper>Ousmane Fall Sarr</cntper><cntorg>ASER, Dakar, Senegal</cntorg></cntperp><cntpos>Director of Studies and GIS Manager</cntpos><cntvoice>221.849.47.17</cntvoice><cntfax>221.849.47.20</cntfax><cntemail>ofsarr@aser.sn OR ofsarr@yahoo.com</cntemail><cntinst>More information about this dataset can also be obtained by contacting Lily Parshall, Columbia Earth Institute, llp15@columbia.edu or lilyparshall@yahoo.com</cntinst></cntinfo></ptcontac></idinfo><distInfo><distributor><distorTran><onLineSrc><linkage Sync="TRUE">file://\\JATROPHA\C$\Test\SAMPLES\SENEGAL_MVP\Leona_Villages</linkage><protocol Sync="TRUE">Local Area Network</protocol><orDesc Sync="TRUE">002</orDesc></onLineSrc><transSize Sync="TRUE">0.382</transSize></distorTran><distorFormat><formatName Sync="TRUE">Shapefile</formatName></distorFormat></distributor></distInfo><dataqual><lineage><procstep><procdesc Sync="TRUE">Dataset copied.</procdesc><date Sync="TRUE">20070416</date><time Sync="TRUE">21220300</time></procstep><procstep><procdesc Sync="TRUE">Dataset copied.</procdesc><srcused Sync="TRUE">G:\senegal\gis\data\Final_GIS_data\Senegal_villages</srcused><date Sync="TRUE">20070416</date><time Sync="TRUE">21231800</time></procstep><procstep><procdesc Sync="TRUE">Dataset moved.</procdesc><srcused Sync="TRUE">G:\senegal\gis\data\Final_GIS_data\Senegal_villages_complete</srcused><date Sync="TRUE">20070420</date><time Sync="TRUE">14215100</time></procstep><procstep><procdesc Sync="TRUE">Dataset copied.</procdesc><srcused Sync="TRUE">C:\workspace\senegal\villages\Senegal_villages_clean_EI\Senegal_villages_plus_DPS_data</srcused><date Sync="TRUE">20070607</date><time Sync="TRUE">20433900</time></procstep><procstep><procdesc Sync="TRUE">Dataset copied.</procdesc><srcused Sync="TRUE"></srcused><procdate Sync="TRUE">20090609</procdate><proctime Sync="TRUE">10461800</proctime></procstep><procstep><procdesc Sync="TRUE">Dataset moved.</procdesc><srcused Sync="TRUE">C:\_Projects\2009.06.08 - Senegal\LeonaVillages</srcused><procdate Sync="TRUE">20090615</procdate><proctime Sync="TRUE">10141400</proctime></procstep><procstep><procdesc Sync="TRUE">Dataset copied.</procdesc><srcused Sync="TRUE"></srcused><procdate Sync="TRUE">20091111</procdate><proctime Sync="TRUE">15174900</proctime></procstep><procstep><procdesc Sync="TRUE">Dataset copied.</procdesc><srcused Sync="TRUE">C:\Test\networkplanner\potou\demographics\Leona_Villages</srcused><procdate Sync="TRUE">20091203</procdate><proctime Sync="TRUE">14065200</proctime></procstep></lineage></dataqual><dataIdInfo><envirDesc Sync="TRUE">Microsoft Windows XP Version 5.1 (Build 2600) Service Pack 2; ESRI ArcCatalog 9.1.0.722</envirDesc><dataLang><languageCode Sync="TRUE" value="en"></languageCode></dataLang><idCitation><resTitle Sync="TRUE">Senegal_villages_complete</resTitle><presForm><PresFormCd Sync="TRUE" value="005"></PresFormCd></presForm></idCitation><spatRpType><SpatRepTypCd Sync="TRUE" value="001"></SpatRepTypCd></spatRpType><dataExt><geoEle><GeoBndBox esriExtentType="native"><westBL Sync="TRUE">236922.52563</westBL><eastBL Sync="TRUE">894530.97957</eastBL><northBL Sync="TRUE">1842221.875638</northBL><southBL Sync="TRUE">1365855</southBL><exTypeCode Sync="TRUE">1</exTypeCode></GeoBndBox></geoEle></dataExt><geoBox esriExtentType="decdegrees"><westBL Sync="TRUE">-17.466326</westBL><eastBL Sync="TRUE">-11.30286</eastBL><northBL Sync="TRUE">16.66252</northBL><southBL Sync="TRUE">12.331275</southBL><exTypeCode Sync="TRUE">1</exTypeCode></geoBox></dataIdInfo><metainfo><langmeta Sync="TRUE">en</langmeta><metstdn Sync="TRUE">FGDC Content Standards for Digital Geospatial Metadata</metstdn><metstdv Sync="TRUE">FGDC-STD-001-1998</metstdv><mettc Sync="TRUE">local time</mettc><metc><cntinfo><cntorgp><cntper>Lily Parshall</cntper><cntorg>Columbia Earth Institute</cntorg></cntorgp><cntaddr><addrtype>N/A</addrtype></cntaddr><cntvoice>212.678.5640</cntvoice><cntemail>llp15@columbia.edu OR lilyparshall@yahoo.com</cntemail></cntinfo></metc><metd Sync="TRUE">20070608</metd><metextns><onlink Sync="TRUE">http://www.esri.com/metadata/esriprof80.html</onlink><metprof Sync="TRUE">ESRI Metadata Profile</metprof></metextns></metainfo><mdLang><languageCode Sync="TRUE" value="en"></languageCode></mdLang><mdStanName Sync="TRUE">ISO 19115 Geographic Information - Metadata</mdStanName><mdStanVer Sync="TRUE">DIS_ESRI1.0</mdStanVer><mdChar><CharSetCd Sync="TRUE" value="004"></CharSetCd></mdChar><mdHrLv><ScopeCd Sync="TRUE" value="005"></ScopeCd></mdHrLv><mdHrLvName Sync="TRUE">dataset</mdHrLvName><distinfo><resdesc Sync="TRUE">Downloadable Data</resdesc><stdorder><digform><digtinfo><transize Sync="TRUE">0.382</transize><dssize Sync="TRUE">0.382</dssize></digtinfo></digform></stdorder></distinfo><spdoinfo><direct Sync="TRUE">Vector</direct><ptvctinf><esriterm Name="Senegal_villages_complete"><efeatyp Sync="TRUE">Simple</efeatyp><efeageom Sync="TRUE">Point</efeageom><esritopo Sync="TRUE">FALSE</esritopo><efeacnt Sync="TRUE">14284</efeacnt><spindex Sync="TRUE">TRUE</spindex><linrefer Sync="TRUE">FALSE</linrefer></esriterm><sdtsterm Name="Senegal_villages_complete"><sdtstype Sync="TRUE">Entity point</sdtstype><ptvctcnt Sync="TRUE">14284</ptvctcnt></sdtsterm></ptvctinf></spdoinfo><spref><horizsys><cordsysn><geogcsn Sync="TRUE">GCS_WGS_1984</geogcsn><projcsn Sync="TRUE">WGS_1984_UTM_Zone_28N</projcsn></cordsysn><planar><planci><plance Sync="TRUE">coordinate pair</plance><plandu Sync="TRUE">meters</plandu><coordrep><absres Sync="TRUE">0.001024</absres><ordres Sync="TRUE">0.001024</ordres></coordrep></planci><gridsys><gridsysn Sync="TRUE">Universal Transverse Mercator</gridsysn><utm><utmzone Sync="TRUE">28</utmzone><transmer><sfctrmer Sync="TRUE">0.999600</sfctrmer><longcm Sync="TRUE">-15.000000</longcm><latprjo Sync="TRUE">0.000000</latprjo><feast Sync="TRUE">500000.000000</feast><fnorth Sync="TRUE">0.000000</fnorth></transmer></utm></gridsys></planar><geodetic><horizdn Sync="TRUE">D_WGS_1984</horizdn><ellips Sync="TRUE">WGS_1984</ellips><semiaxis Sync="TRUE">6378137.000000</semiaxis><denflat Sync="TRUE">298.257224</denflat></geodetic></horizsys></spref><refSysInfo><RefSystem><refSysID><identCode Sync="TRUE">WGS_1984_UTM_Zone_28N</identCode></refSysID></RefSystem></refSysInfo><spatRepInfo><VectSpatRep><topLvl><TopoLevCd Sync="TRUE" value="001"></TopoLevCd></topLvl><geometObjs Name="Senegal_villages_complete"><geoObjTyp><GeoObjTypCd Sync="TRUE" value="004"></GeoObjTypCd></geoObjTyp><geoObjCnt Sync="TRUE">14284</geoObjCnt></geometObjs></VectSpatRep></spatRepInfo><eainfo><detailed Name="Senegal_villages_complete"><enttyp><enttypl Sync="TRUE">Senegal_villages_complete</enttypl><enttypt Sync="TRUE">Feature Class</enttypt><enttypc Sync="TRUE">14284</enttypc></enttyp><attr><attrlabl Sync="TRUE">FID</attrlabl><attalias Sync="TRUE">FID</attalias><attrtype Sync="TRUE">OID</attrtype><attwidth Sync="TRUE">4</attwidth><atprecis Sync="TRUE">0</atprecis><attscale Sync="TRUE">0</attscale><attrdef Sync="TRUE">Internal feature number.</attrdef><attrdefs Sync="TRUE">ESRI</attrdefs><attrdomv><udom Sync="TRUE">Sequential unique whole numbers that are automatically generated.</udom></attrdomv></attr><attr><attrlabl Sync="TRUE">Shape</attrlabl><attalias Sync="TRUE">Shape</attalias><attrtype Sync="TRUE">Geometry</attrtype><attwidth Sync="TRUE">0</attwidth><atprecis Sync="TRUE">0</atprecis><attscale Sync="TRUE">0</attscale><attrdef Sync="TRUE">Feature geometry.</attrdef><attrdefs Sync="TRUE">ESRI</attrdefs><attrdomv><udom Sync="TRUE">Coordinates defining the features.</udom></attrdomv></attr><attr><attrlabl Sync="TRUE">ELEC</attrlabl><attalias Sync="TRUE">ELEC</attalias><attrtype Sync="TRUE">String</attrtype><attwidth Sync="TRUE">8</attwidth><attrdef>Electrification status: ELEC_DL: electrified with a diesel generator powering a single-village LV mini-grid; ELEC_DLG: electrified with a diesel generator powering a multi-village grid including MV and LV lines; ELEC_GR: connected to national grid; ELEC_PV: electrified with stand-alone photovoltaics (on SENELEC map); ELEC_PVS: electrified with solar home systems (not on SENELEC map); ELEC_UN: electrified with unknown source (although these villages are at least 2 km from digitized grid lines, they may be connected to the national grid); NON_ELEC: not electrified. Classification done by Lily Parshall.</attrdef></attr><attr><attrlabl Sync="TRUE">NAME</attrlabl><attalias Sync="TRUE">NAME</attalias><attrtype Sync="TRUE">String</attrtype><attwidth Sync="TRUE">50</attwidth><attrdef>Name of village</attrdef></attr><attr><attrlabl Sync="TRUE">POP</attrlabl><attalias Sync="TRUE">POP</attalias><attrtype Sync="TRUE">Number</attrtype><attwidth Sync="TRUE">12</attwidth><attrdef>Population as of 2005; projected forward from 2002 Census data.</attrdef></attr><attr><attrlabl Sync="TRUE">MVMAX</attrlabl><attalias Sync="TRUE">MVMAX</attalias><attrtype Sync="TRUE">Number</attrtype><attwidth Sync="TRUE">17</attwidth><atnumdec Sync="TRUE">2</atnumdec><attrdef>MVMax per capita for each village derived from Technology Comparison Model. </attrdef></attr><attr><attrlabl Sync="TRUE">NODE_ID</attrlabl><attalias Sync="TRUE">NODE_ID</attalias><attrtype Sync="TRUE">Number</attrtype><attwidth Sync="TRUE">12</attwidth><attrdef>Unique identifier for each village (real nodes) and fake nodes (spaced at 0.5 km intervals along the existing grid).</attrdef></attr><attr><attrlabl Sync="TRUE">ROADS</attrlabl><attalias Sync="TRUE">ROADS</attalias><attrtype Sync="TRUE">Number</attrtype><attwidth Sync="TRUE">1</attwidth><attrdef>1 if the village is within 1 km of a major road; otherwise 0.</attrdef></attr><attr><attrlabl Sync="TRUE">DEMAND</attrlabl><attalias Sync="TRUE">DEMAND</attalias><attrtype Sync="TRUE">Number</attrtype><attwidth Sync="TRUE">6</attwidth><attrdef>placeholder column</attrdef></attr><attr><attrlabl Sync="TRUE">REGION</attrlabl><attalias Sync="TRUE">REGION</attalias><attrtype Sync="TRUE">Number</attrtype><attwidth Sync="TRUE">6</attwidth><attrdef>Number identifying the region into which the village falls.</attrdef></attr><attr><attrlabl Sync="TRUE">REGIONNAME</attrlabl><attalias Sync="TRUE">REGIONNAME</attalias><attrtype Sync="TRUE">String</attrtype><attwidth Sync="TRUE">20</attwidth><attrdef>Region name.</attrdef></attr><attr><attrlabl Sync="TRUE">PSCHOOL</attrlabl><attalias Sync="TRUE">PSCHOOL</attalias><attrtype Sync="TRUE">Number</attrtype><attwidth Sync="TRUE">1</attwidth><attrdef>1 if the village has access to a primary school (within 3 km), 0 if not, 9 if the village is not included in the DPS file.</attrdef></attr><attr><attrlabl Sync="TRUE">HEALTH</attrlabl><attalias Sync="TRUE">HEALTH</attalias><attrtype Sync="TRUE">Number</attrtype><attwidth Sync="TRUE">4</attwidth><attrdef>1 if the village has access to a health post (within 5 km), 0 if not, 9 if the village is not included in the DPS file.</attrdef></attr><attr><attrlabl Sync="TRUE">WATER</attrlabl><attalias Sync="TRUE">WATER</attalias><attrtype Sync="TRUE">Number</attrtype><attwidth Sync="TRUE">1</attwidth><attrdef>1 if the village has access to water (drinking water within 1 km), 0 if not, 9 if village is not included in the DPS file</attrdef></attr><attr><attrlabl Sync="TRUE">MARKETS</attrlabl><attalias Sync="TRUE">MARKETS</attalias><attrtype Sync="TRUE">Number</attrtype><attwidth Sync="TRUE">1</attwidth><attrdef>1 if the village has access to markets (a shop in the town or weekly market within 5 km), 0 if not, 9 if the village is not included in the DPS file.</attrdef></attr><attr><attrlabl Sync="TRUE">ROADS_DPS</attrlabl><attalias Sync="TRUE">ROADS_DPS</attalias><attrtype Sync="TRUE">Number</attrtype><attwidth Sync="TRUE">1</attwidth><attrdef>1 if the village has access to a major road (within 5 km), 0 if not, 9 if the village is not included in the DPS file.</attrdef></attr><attr><attrlabl Sync="TRUE">ELEC_NUM</attrlabl><attalias Sync="TRUE">ELEC_NUM</attalias><attrtype Sync="TRUE">Number</attrtype><attwidth Sync="TRUE">3</attwidth><attrdef>1 if the village is electrified (any source), otherwise 0.</attrdef></attr><attr><attrlabl Sync="TRUE">DPS_FID</attrlabl><attalias Sync="TRUE">DPS_FID</attalias><attrtype Sync="TRUE">Number</attrtype><attwidth Sync="TRUE">8</attwidth><attrdef>Matches DPS datafile FID.</attrdef></attr><attr><attrlabl Sync="TRUE">SOURCE</attrlabl><attalias Sync="TRUE">SOURCE</attalias><attrtype Sync="TRUE">String</attrtype><attwidth Sync="TRUE">15</attwidth><attrdef>Source of electrification based on data received from ASER in January 2007: SOLAR_HOME_SYSTEM refers to villages with photovoltaic solar home systems as of 2006; ASER_2006 refers to villages electrified by ASER between its creation in 2000 and 2006; SENELEC_2000 refers to villages electrified by SENELEC before 2000; SENELEC 2006 refers to villages electrified by SENELEC betweeen 2000 and 2006; SENELEC_UNKNOWN refers to villages SENELEC indicates are electrified but that are missing from ASER data. Note that there is a small amount of error between this column and the electrification status column due to non-matching datasets.</attrdef></attr><attr><attrlabl Sync="TRUE">ELEC_JAVA</attrlabl><attalias Sync="TRUE">ELEC_JAVA</attalias><attrtype Sync="TRUE">String</attrtype><attwidth Sync="TRUE">8</attwidth><attrdef>Electrification status simplified classification (used in Java Program): GRID_OLD refers to villages currently connected to the grid. Villages with an unknown source of electrification are also included. DIES_OLD refers to villages that are part of a single or multi-village mini-grid; PV_OLD refers to villages with solar home systems; NON_ELEC refers to villages that are not electrified.</attrdef></attr><attr><attrlabl Sync="TRUE">INDEX</attrlabl><attalias Sync="TRUE">INDEX</attalias><attrtype Sync="TRUE">Number</attrtype><attwidth Sync="TRUE">4</attwidth><attrdef>0 if population is less than 500; 1 if population is between 500 and 1000; 2 if population is between 1000 and 5000; 3 if population is greater than 5000</attrdef></attr></detailed></eainfo><mdDateSt Sync="TRUE">20070608</mdDateSt></metadata>
