<?xml version="1.0"?>
<!--<!DOCTYPE metadata SYSTEM "http://www.esri.com/metadata/esriprof80.dtd">-->
<metadata xml:lang="en"><Esri><CreaDate>20100128</CreaDate><CreaTime>15445100</CreaTime><SyncOnce>TRUE</SyncOnce><MetaID>{8701C20A-575C-492D-9729-B38432802E10}</MetaID></Esri><idinfo><citation><citeinfo><onlink Sync="TRUE"></onlink></citeinfo></citation></idinfo><distInfo><distributor><distorTran><onLineSrc><linkage Sync="TRUE">file://</linkage><protocol Sync="TRUE">Local Area Network</protocol></onLineSrc></distorTran></distributor></distInfo><dataqual><lineage><procstep><procdesc Sync="TRUE">Dataset moved.</procdesc><srcused Sync="TRUE">C:\PotouModel\PotouSHP\Potou_ExistingGrid</srcused><procdate Sync="TRUE">20090202</procdate><proctime Sync="TRUE">09171500</proctime></procstep><procstep><procdesc Sync="TRUE">Dataset copied.</procdesc><srcused Sync="TRUE">C:\Potou\Potou_ExistingGrid</srcused><procdate Sync="TRUE">20090202</procdate><proctime Sync="TRUE">09172500</proctime></procstep><procstep><procdesc Sync="TRUE">Dataset moved.</procdesc><srcused Sync="TRUE">C:\Test\Potou\PERMANENT\PotouSHP\Potou_ExistingGrid</srcused><procdate Sync="TRUE">20090210</procdate><proctime Sync="TRUE">09543800</proctime></procstep><procstep><procdesc Sync="TRUE">Dataset copied.</procdesc><srcused Sync="TRUE">C:\Test\Potou\PERMANENT\Potou_ExistingGrid</srcused><procdate Sync="TRUE">20091203</procdate><proctime Sync="TRUE">14070600</proctime></procstep><procstep><procdesc Sync="TRUE">Dataset copied.</procdesc><srcused Sync="TRUE"></srcused><procdate Sync="TRUE">20100128</procdate><proctime Sync="TRUE">15445100</proctime></procstep></lineage></dataqual></metadata>
