<?xml version="1.0"?>
<!--<!DOCTYPE metadata SYSTEM "http://www.esri.com/metadata/esriprof80.dtd">-->
<metadata xml:lang="en"><Esri><CreaDate>20091203</CreaDate><CreaTime>14070600</CreaTime><SyncOnce>TRUE</SyncOnce><MetaID>{88655653-C9F8-4157-9A51-52A9A3E674E0}</MetaID></Esri><idinfo><citation><citeinfo><onlink Sync="TRUE">\\JATROPHA\C$\Test\SAMPLES\SENEGAL_MVP\Potou_ExistingGrid</onlink></citeinfo></citation></idinfo><distInfo><distributor><distorTran><onLineSrc><linkage Sync="TRUE">file://\\JATROPHA\C$\Test\SAMPLES\SENEGAL_MVP\Potou_ExistingGrid</linkage><protocol Sync="TRUE">Local Area Network</protocol></onLineSrc></distorTran></distributor></distInfo><dataqual><lineage><procstep><procdesc Sync="TRUE">Dataset moved.</procdesc><srcused Sync="TRUE">C:\PotouModel\PotouSHP\Potou_ExistingGrid</srcused><procdate Sync="TRUE">20090202</procdate><proctime Sync="TRUE">09171500</proctime></procstep><procstep><procdesc Sync="TRUE">Dataset copied.</procdesc><srcused Sync="TRUE">C:\Potou\Potou_ExistingGrid</srcused><procdate Sync="TRUE">20090202</procdate><proctime Sync="TRUE">09172500</proctime></procstep><procstep><procdesc Sync="TRUE">Dataset moved.</procdesc><srcused Sync="TRUE">C:\Test\Potou\PERMANENT\PotouSHP\Potou_ExistingGrid</srcused><procdate Sync="TRUE">20090210</procdate><proctime Sync="TRUE">09543800</proctime></procstep><procstep><procdesc Sync="TRUE">Dataset copied.</procdesc><srcused Sync="TRUE">C:\Test\Potou\PERMANENT\Potou_ExistingGrid</srcused><procdate Sync="TRUE">20091203</procdate><proctime Sync="TRUE">14070600</proctime></procstep></lineage></dataqual></metadata>
